Date,Return
08/19/2014,0.0081
08/18/2014,0.0151
08/15/2014,-0.002
08/14/2014,-0.0002
08/13/2014,0.0214
08/12/2014,-0.0091
08/11/2014,-0.0016
08/08/2014,0.0096
08/07/2014,-0.0053
08/06/2014,0.0023
08/05/2014,-0.0141
08/04/2014,0.0125
08/01/2014,-0.0097
07/31/2014,-0.0269
07/30/2014,0.0031
07/29/2014,-0.0084
07/28/2014,0.0027
07/25/2014,-0.0073
07/24/2014,-0.0044
07/23/2014,0.0021
07/22/2014,0.0089
07/21/2014,-0.0094
07/18/2014,0.0372
07/17/2014,-0.0153
07/16/2014,-0.0036
07/15/2014,-0.0002
07/14/2014,0.0098
07/11/2014,0.0141
07/10/2014,-0.0086
07/09/2014,0.0087
07/08/2014,-0.0192
07/07/2014,-0.0042
07/03/2014,0.0041
07/02/2014,-0.0006
07/01/2014,0.0128
06/30/2014,-0.0034
06/27/2014,0.0022
06/26/2014,-0.0046
06/25/2014,0.0248
06/24/2014,-0.0006
06/23/2014,0.0154
06/20/2014,0.0026
06/19/2014,0.0028
06/18/2014,0.0191
06/17/2014,-0.0023
06/16/2014,-0.0136
06/13/2014,0.0007
06/12/2014,-0.0134
06/11/2014,-0.0031
06/10/2014,-0.0028
06/09/2014,0.0104
06/06/2014,0.0044
06/05/2014,0.017
06/04/2014,-0.0005
06/03/2014,-0.0162
06/02/2014,-0.0106
05/30/2014,-0.0003
05/29/2014,-0.0028
05/28/2014,-0.0075
05/27/2014,0.024
05/23/2014,0.014
05/22/2014,0.0114
05/21/2014,0.0173
05/20/2014,0.0017
05/19/2014,0.0158
05/16/2014,0.0013
05/15/2014,-0.0127
05/14/2014,-0.0121
05/13/2014,0.006
05/12/2014,0.0216
05/09/2014,0.0151
05/08/2014,0.002
05/07/2014,-0.0101
05/06/2014,-0.024
05/05/2014,-0.0002
05/02/2014,-0.0064
05/01/2014,0.0089
04/30/2014,-0.002
04/29/2014,0.0204
04/28/2014,0.0019
04/25/2014,-0.0171
04/24/2014,-0.0034
04/23/2014,-0.0147
04/22/2014,0.0117
04/21/2014,-0.014
04/17/2014,-0.0367
04/16/2014,0.0375
04/15/2014,0.0074
04/14/2014,0.0036
04/11/2014,-0.0191
04/10/2014,-0.0411
04/09/2014,0.0167
04/08/2014,0.0311
04/07/2014,-0.0092
04/04/2014,-0.0467
04/03/2014,0.0048
04/02/2014,-0.0003
04/01/2014,0.0183
03/31/2014,-0.0054
03/28/2014,0.0027
03/27/2014,-0.0123
03/26/2014,-0.0231
03/25/2014,0.0007
03/24/2014,-0.0212
03/21/2014,-0.0118
03/20/2014,-0.0017
03/19/2014,-0.0099
03/18/2014,0.0161
03/17/2014,0.0165
03/14/2014,-0.0137
03/13/2014,-0.0151
03/12/2014,0.0061
03/11/2014,-0.0096
03/10/2014,-0.0027
03/07/2014,-0.004
03/06/2014,0.0011
03/05/2014,0.0028
03/04/2014,0.0102
03/03/2014,-0.0107
02/28/2014,-0.0029
02/27/2014,-0.0008
02/26/2014,0.0001
02/25/2014,0.0062
02/24/2014,0.0072
02/21/2014,-0.0003
02/20/2014,0.0015
02/19/2014,-0.0071
02/18/2014,0.0067
02/14/2014,0.0024
02/13/2014,0.0111
02/12/2014,-0.0029
02/11/2014,0.0147
02/10/2014,-0.0038
02/07/2014,0.0151
02/06/2014,0.0147
02/05/2014,0.0044
02/04/2014,0.0042
02/03/2014,-0.0403
01/31/2014,0.0401
01/30/2014,0.0257
01/29/2014,-0.0143
01/28/2014,0.0198
01/27/2014,-0.0201
01/24/2014,-0.0313
01/23/2014,-0.0042
01/22/2014,0.0011
01/21/2014,0.0114
01/17/2014,-0.0049
01/16/2014,0.0066
01/15/2014,-0.0007
01/14/2014,0.0235
01/13/2014,-0.0064
01/10/2014,-0.0001
01/09/2014,-0.0096
01/08/2014,0.0021
01/07/2014,0.0193
01/06/2014,0.0111
01/03/2014,-0.0073
01/02/2014,-0.0068
12/31/2013,0.0101
12/30/2013,-0.008
12/27/2013,0.0008
12/26/2013,0.0051
12/24/2013,-0.0029
12/23/2013,0.0132
12/20/2013,0.0133
12/19/2013,0.0014
12/18/2013,0.0139
12/17/2013,-0.0029
12/16/2013,0.0115
12/13/2013,-0.0086
12/12/2013,-0.0068
12/11/2013,-0.0068
12/10/2013,0.006
12/09/2013,0.0077
12/06/2013,0.0119
12/05/2013,-0.0008
12/04/2013,0.0047
12/03/2013,-0.0012
12/02/2013,-0.0048
11/29/2013,-0.0033
11/27/2013,0.0044
11/26/2013,0.0119
11/25/2013,0.0136
11/22/2013,-0.0021
11/21/2013,0.0115
11/20/2013,-0.0028
11/19/2013,-0.0062
11/18/2013,-0.0019
11/15/2013,-0.0016
11/14/2013,0.0027
11/13/2013,0.0204
11/12/2013,0.0012
11/11/2013,-0.0054
11/08/2013,0.008
11/07/2013,-0.0145
11/06/2013,0.0012
11/05/2013,-0.0045
11/04/2013,-0.0009
11/01/2013,-0.0034
10/31/2013,0.0002
10/30/2013,-0.0056
10/29/2013,0.0209
10/28/2013,-0.0002
10/25/2013,-0.0101
10/24/2013,-0.0057
10/23/2013,0.0242
10/22/2013,0.0037
10/21/2013,-0.008
10/18/2013,0.138
10/17/2013,-0.0103
10/16/2013,0.0182
10/15/2013,0.0067
10/14/2013,0.0047
10/11/2013,0.0043
10/10/2013,0.0145
10/09/2013,0.0026
10/08/2013,-0.0139
10/07/2013,-0.0076
10/04/2013,-0.0043
10/03/2013,-0.0134
10/02/2013,0.0011
10/01/2013,0.0127
09/30/2013,-0.0005
09/27/2013,-0.002
09/26/2013,0.0011
09/25/2013,-0.0108
09/24/2013,0.0004
09/23/2013,-0.0184
09/20/2013,0.0053
09/19/2013,-0.0055
09/18/2013,0.0194
09/17/2013,-0.0019
09/16/2013,-0.0015
09/13/2013,-0.0045
09/12/2013,-0.0035
09/11/2013,0.0085
09/10/2013,0.0007
09/09/2013,0.0096
09/06/2013,0.0
09/05/2013,0.0091
09/04/2013,0.0131
09/03/2013,0.0159
08/30/2013,-0.01
08/29/2013,0.0081
08/28/2013,-0.0019
08/27/2013,-0.0187
08/26/2013,-0.0044
08/23/2013,-0.004
08/22/2013,0.005
08/21/2013,0.0045
08/20/2013,-0.0003
08/19/2013,0.0102
08/16/2013,-0.0032
08/15/2013,-0.0117
08/14/2013,-0.013
08/13/2013,-0.0048
08/12/2013,-0.0055
08/09/2013,-0.0025
08/08/2013,0.0023
08/07/2013,-0.0066
08/06/2013,-0.0093
08/05/2013,-0.0017
08/02/2013,0.0026
08/01/2013,0.0186
07/31/2013,-0.0036
07/30/2013,0.0098
07/29/2013,-0.0035
07/26/2013,-0.0026
07/25/2013,-0.0168
07/24/2013,-0.001
07/23/2013,-0.0076
07/22/2013,0.0157
07/19/2013,-0.0155
07/18/2013,-0.0086
07/17/2013,-0.0012
07/16/2013,-0.0055
07/15/2013,0.0018
07/12/2013,0.003
07/11/2013,0.0157
07/10/2013,0.0008
07/09/2013,0.0002
07/08/2013,0.013
07/05/2013,0.008
07/03/2013,0.0047
07/02/2013,-0.0063
07/01/2013,0.0085
06/28/2013,0.0038
06/27/2013,0.0039
06/26/2013,0.0086
06/25/2013,-0.0041
06/24/2013,-0.0126
06/21/2013,-0.0043
06/20/2013,-0.0177
06/19/2013,0.0001
06/18/2013,0.0162
06/17/2013,0.0128
06/14/2013,-0.0022
06/13/2013,0.0058
06/12/2013,-0.0089
06/11/2013,-0.0117
06/10/2013,0.0119
06/07/2013,0.0175
06/06/2013,0.0057
06/05/2013,0.0007
06/04/2013,-0.0098
06/03/2013,-0.0041
05/31/2013,0.0005
05/30/2013,0.0028
05/29/2013,-0.0147
05/28/2013,0.0091
05/24/2013,-0.0107
05/23/2013,-0.0075
05/22/2013,-0.0194
05/21/2013,-0.0017
05/20/2013,-0.0007
05/17/2013,0.0059
05/16/2013,-0.0131
05/15/2013,0.0325
05/14/2013,0.0109
05/13/2013,-0.0031
05/10/2013,0.01
05/09/2013,-0.0025
05/08/2013,0.0191
05/07/2013,-0.005
05/06/2013,0.0187
05/03/2013,0.0194
05/02/2013,0.0112
05/01/2013,-0.005
04/30/2013,0.0067
04/29/2013,0.022
04/26/2013,-0.0095
04/25/2013,-0.0053
04/24/2013,0.0069
04/23/2013,0.0097
04/22/2013,0.0003
04/19/2013,0.0443
04/18/2013,-0.0213
04/17/2013,-0.0136
04/16/2013,0.0146
04/15/2013,-0.0103
04/12/2013,-0.0004
04/11/2013,0.0003
04/10/2013,0.0161
04/09/2013,0.0036
04/08/2013,-0.0105
04/05/2013,-0.0151
04/04/2013,-0.0138
04/03/2013,-0.0084
04/02/2013,0.0148
04/01/2013,0.0088
03/28/2013,-0.0106
03/27/2013,-0.012
03/26/2013,0.0034
03/25/2013,-0.0008
03/22/2013,-0.0012
03/21/2013,-0.0042
03/20/2013,0.0042
03/19/2013,0.0044
03/18/2013,-0.008
03/15/2013,-0.0088
03/14/2013,-0.0046
03/13/2013,-0.0028
03/12/2013,-0.0086
03/11/2013,0.004
03/08/2013,-0.0013
03/07/2013,0.0015
03/06/2013,-0.0086
03/05/2013,0.0208
03/04/2013,0.019
03/01/2013,0.0062
02/28/2013,0.0018
02/27/2013,0.0122
02/26/2013,-0.0008
02/25/2013,-0.0112
02/22/2013,0.0053
02/21/2013,0.0039
02/20/2013,-0.0178
02/19/2013,0.0176
02/15/2013,0.0064
02/14/2013,0.0063
02/13/2013,0.0028
02/12/2013,-0.0022
02/11/2013,-0.0038
02/08/2013,0.0148
02/07/2013,0.0049
02/06/2013,0.0058
02/05/2013,0.0089
02/04/2013,-0.0214
02/01/2013,0.0263
01/31/2013,0.0025
01/30/2013,0.0002
01/29/2013,0.0039
01/28/2013,-0.0039
01/25/2013,-0.0007
01/24/2013,0.0171
01/23/2013,0.055
01/22/2013,-0.0023
01/18/2013,-0.0096
01/17/2013,-0.0054
01/16/2013,-0.0134
01/15/2013,0.0023
01/14/2013,-0.0226
01/11/2013,-0.002
01/10/2013,0.0046
01/09/2013,0.0066
01/08/2013,-0.002
01/07/2013,-0.0044
01/04/2013,0.0198
01/03/2013,0.0006
01/02/2013,0.0224
12/31/2012,0.0105
12/28/2012,-0.0089
12/27/2012,-0.0036
12/26/2012,-0.0009
12/24/2012,-0.0086
12/21/2012,-0.0093
12/20/2012,0.0031
12/19/2012,-0.0013
12/18/2012,0.0004
12/17/2012,0.0268
12/14/2012,-0.0011
12/13/2012,0.0074
12/12/2012,0.001
12/11/2012,0.0167
12/10/2012,0.0018
12/07/2012,-0.01
12/06/2012,0.0048
12/05/2012,-0.0046
12/04/2012,-0.0061
12/03/2012,-0.0045
11/30/2012,0.0094
11/29/2012,0.012
11/28/2012,0.0193
11/27/2012,0.0145
11/26/2012,-0.0102
11/23/2012,0.0032
11/21/2012,-0.0061
11/20/2012,0.0026
11/19/2012,0.0325
11/16/2012,-0.0001
11/15/2012,-0.0081
11/14/2012,-0.0099
11/13/2012,-0.0103
11/12/2012,0.0043
11/09/2012,0.0165
11/08/2012,-0.0222
11/07/2012,-0.0214
11/06/2012,-0.0018
11/05/2012,-0.0072
11/02/2012,0.0005
11/01/2012,0.0107
10/31/2012,0.0076
10/26/2012,-0.0039
10/25/2012,0.0007
10/24/2012,-0.0045
10/23/2012,0.0025
10/22/2012,-0.0046
10/19/2012,-0.019
10/18/2012,-0.0801
10/17/2012,0.0145
10/16/2012,0.005
10/15/2012,-0.0051
10/12/2012,-0.009
10/11/2012,0.0093
10/10/2012,0.0006
10/09/2012,-0.0181
10/08/2012,-0.0128
10/05/2012,-0.0005
10/04/2012,0.0073
10/03/2012,0.0073
10/02/2012,-0.0063
10/01/2012,0.0096
09/28/2012,-0.0026
09/27/2012,0.004
09/26/2012,0.0057
09/25/2012,-0.0003
09/24/2012,0.021
09/21/2012,0.0081
09/20/2012,0.0009
09/19/2012,0.0128
09/18/2012,0.0117
09/17/2012,0.0004
09/14/2012,0.0052
09/13/2012,0.0219
09/12/2012,-0.0019
09/11/2012,-0.0122
09/10/2012,-0.0076
09/07/2012,0.0097
09/06/2012,0.0274
09/05/2012,-0.0005
09/04/2012,-0.0059
08/31/2012,0.005
08/30/2012,-0.0092
08/29/2012,0.0159
08/28/2012,0.012
08/27/2012,-0.0139
08/24/2012,0.0027
08/23/2012,-0.0006
08/22/2012,0.0115
08/21/2012,-0.0089
08/20/2012,-0.0024
08/17/2012,0.0063
08/16/2012,0.008
08/15/2012,-0.0017
08/14/2012,0.0131
08/13/2012,0.0281
08/10/2012,-0.0005
08/09/2012,0.0002
08/08/2012,0.0026
08/07/2012,-0.0035
08/06/2012,0.0023
08/03/2012,0.02
08/02/2012,-0.0062
08/01/2012,-0.0005
07/31/2012,0.0011
07/30/2012,-0.0042
07/27/2012,0.0352
07/26/2012,0.0088
07/25/2012,0.0007
07/24/2012,-0.0129
07/23/2012,0.0077
07/20/2012,0.0299
07/19/2012,0.0212
07/18/2012,0.007
07/17/2012,0.0031
07/16/2012,-0.0028
07/13/2012,0.0106
07/12/2012,-0.0012
07/11/2012,-0.0181
07/10/2012,-0.0074
07/09/2012,0.0001
07/06/2012,-0.0167
07/05/2012,0.0138
07/03/2012,0.0127
07/02/2012,0.0007
06/29/2012,0.0279
06/28/2012,-0.0088
06/27/2012,0.0082
06/26/2012,0.0071
06/25/2012,-0.0189
06/22/2012,0.0111
06/21/2012,-0.0213
06/20/2012,-0.0069
06/19/2012,0.0187
06/18/2012,0.0112
06/15/2012,0.0098
06/14/2012,-0.0036
06/13/2012,-0.0071
06/12/2012,-0.006
06/11/2012,-0.0206
06/08/2012,0.0038
06/07/2012,-0.004
06/06/2012,0.0178
06/05/2012,-0.0141
06/04/2012,0.0133
06/01/2012,-0.017
05/31/2012,-0.0125
05/30/2012,-0.0103
05/29/2012,0.0048
05/25/2012,-0.0201
05/24/2012,-0.0095
05/23/2012,0.0144
05/22/2012,-0.0217
05/21/2012,0.0228
05/18/2012,-0.0364
05/17/2012,-0.0093
05/16/2012,0.0292
05/15/2012,0.0118
05/14/2012,-0.002
05/11/2012,-0.0137
05/10/2012,0.0074
05/09/2012,-0.0059
05/08/2012,0.0086
05/07/2012,0.0177
05/04/2012,-0.023
05/03/2012,0.0062
05/02/2012,0.0047
05/01/2012,-0.0007
04/30/2012,-0.0165
04/27/2012,-0.0008
04/26/2012,0.0094
04/25/2012,0.0141
04/24/2012,0.0061
04/23/2012,0.0026
04/20/2012,-0.0054
04/19/2012,-0.0134
04/18/2012,-0.0035
04/17/2012,0.0058
04/16/2012,-0.0297
04/13/2012,-0.0406
04/12/2012,0.0237
04/11/2012,0.0145
04/10/2012,-0.0063
04/09/2012,-0.0023
04/05/2012,-0.0045
04/04/2012,-0.0116
04/03/2012,-0.0066
04/02/2012,0.0089
03/30/2012,-0.0111
03/29/2012,-0.0112
03/28/2012,0.0135
03/27/2012,-0.0036
03/26/2012,0.0105
03/23/2012,-0.0054
03/22/2012,0.0095
03/21/2012,0.0102
03/20/2012,-0.0008
03/19/2012,0.0143
03/16/2012,0.0063
03/15/2012,0.0083
03/14/2012,-0.0029
03/13/2012,0.0209
03/12/2012,0.0082
03/09/2012,-0.0113
03/08/2012,0.0006
03/07/2012,0.003
03/06/2012,-0.0151
03/05/2012,-0.0113
03/02/2012,-0.0018
03/01/2012,0.0067
02/29/2012,-0.0002
02/28/2012,0.0149
02/27/2012,-0.001
02/24/2012,0.0063
02/23/2012,-0.003
02/22/2012,-0.0099
02/21/2012,0.0155
02/17/2012,-0.0031
02/16/2012,0.0016
02/15/2012,-0.0069
02/14/2012,-0.004
02/13/2012,0.0104
02/10/2012,-0.0091
02/09/2012,0.0026
02/08/2012,0.0051
02/07/2012,-0.0038
02/06/2012,0.0214
02/03/2012,0.0192
02/02/2012,0.0074
02/01/2012,0.0012
01/31/2012,0.0042
01/30/2012,-0.0039
01/27/2012,0.0209
01/26/2012,-0.0024
01/25/2012,-0.0197
01/24/2012,-0.0078
01/23/2012,-0.0008
01/20/2012,-0.0838
01/19/2012,0.0105
01/18/2012,0.0069
01/17/2012,0.0057
01/13/2012,-0.0074
01/12/2012,0.0059
01/11/2012,0.0045
01/10/2012,0.0011
01/09/2012,-0.0424
01/06/2012,-0.0136
01/05/2012,-0.0139
01/04/2012,0.0043
01/03/2012,0.0302
12/30/2011,0.0054
12/29/2011,0.0042
12/28/2011,-0.0009
12/27/2011,0.0112
12/23/2011,0.0055
12/22/2011,0.0062
12/21/2011,-0.0072
12/20/2011,0.0137
12/19/2011,-0.0066
12/16/2011,0.0104
12/15/2011,0.0024
12/14/2011,-0.0121
12/13/2011,0.0004
12/12/2011,-0.0032
12/09/2011,0.0185
12/08/2011,-0.0118
12/07/2011,-0.0006
12/06/2011,-0.003
12/05/2011,0.0085
12/02/2011,0.0107
12/01/2011,0.024
11/30/2011,0.0282
11/29/2011,-0.0089
11/28/2011,0.0447
11/25/2011,-0.0125
11/23/2011,-0.0171
11/22/2011,-0.0016
11/21/2011,-0.0234
11/18/2011,-0.01
11/17/2011,-0.0173
11/16/2011,-0.0083
11/15/2011,0.0058
11/14/2011,0.0076
11/11/2011,0.0223
11/10/2011,-0.0098
11/09/2011,-0.0186
11/08/2011,0.0066
11/07/2011,0.0204
11/04/2011,-0.0023
11/03/2011,0.0217
11/02/2011,0.0107
11/01/2011,-0.0236
10/31/2011,-0.0125
10/28/2011,0.0025
10/27/2011,0.0211
10/26/2011,0.0054
10/25/2011,-0.0222
10/24/2011,0.01
10/21/2011,0.0117
10/20/2011,0.0051
10/19/2011,-0.0166
10/18/2011,0.0139
10/17/2011,-0.0157
10/14/2011,0.0585
10/13/2011,0.0191
10/12/2011,0.0098
10/11/2011,0.0112
10/10/2011,0.0428
10/07/2011,0.0008
10/06/2011,0.0198
10/05/2011,0.0056
10/04/2011,0.0129
10/03/2011,-0.0379
09/30/2011,-0.0236
09/29/2011,-0.0025
09/28/2011,-0.0195
09/27/2011,0.014
09/26/2011,0.0121
09/23/2011,0.0093
09/22/2011,-0.0344
09/21/2011,-0.0136
09/20/2011,-0.0001
09/19/2011,-0.0
09/16/2011,0.0076
09/15/2011,0.0197
09/14/2011,0.0048
09/13/2011,-0.0011
09/12/2011,0.01
09/09/2011,-0.0189
09/08/2011,0.0017
09/07/2011,0.0227
09/06/2011,-0.0051
09/02/2011,-0.0144
09/01/2011,-0.0156
08/31/2011,0.0005
08/30/2011,0.003
08/29/2011,0.0232
08/26/2011,0.0131
08/25/2011,-0.0062
08/24/2011,0.0086
08/23/2011,0.0415
08/22/2011,0.0148
08/19/2011,-0.0277
08/18/2011,-0.053
08/17/2011,-0.0109
08/16/2011,-0.0327
08/15/2011,-0.0116
08/12/2011,0.0029
08/11/2011,0.0239
08/10/2011,-0.0426
08/09/2011,0.0502
08/08/2011,-0.057
08/05/2011,0.0026
08/04/2011,-0.0393
08/03/2011,0.0148
08/02/2011,-0.0237
08/01/2011,0.0051
07/29/2011,-0.0119
07/28/2011,0.0061
07/27/2011,-0.0246
07/26/2011,0.0057
07/25/2011,0.0012
07/22/2011,0.0185
07/21/2011,0.0196
07/20/2011,-0.0119
07/19/2011,0.0128
07/18/2011,-0.0045
07/15/2011,0.1298
07/14/2011,-0.0173
07/13/2011,0.008
07/12/2011,0.0128
07/11/2011,-0.0089
07/08/2011,-0.0267
07/07/2011,0.021
07/06/2011,0.0055
07/05/2011,0.0219
07/01/2011,0.0289
06/30/2011,0.0177
06/29/2011,0.0079
06/28/2011,0.0225
06/27/2011,0.0167
06/24/2011,-0.0111
06/23/2011,-0.0139
06/22/2011,-0.0122
06/21/2011,0.0174
06/20/2011,-0.0009
06/17/2011,-0.0307
06/16/2011,-0.0051
06/15/2011,-0.0107
06/14/2011,0.0072
06/13/2011,-0.0094
06/10/2011,-0.014
06/09/2011,-0.0047
06/08/2011,0.0003
06/07/2011,-0.0039
06/06/2011,-0.0039
06/03/2011,-0.0094
06/02/2011,0.0047
06/01/2011,-0.0065
05/31/2011,0.0156
05/27/2011,0.0053
05/26/2011,-0.003
05/25/2011,0.0027
05/24/2011,-0.0003
05/23/2011,-0.0108
05/20/2011,-0.0136
05/19/2011,0.0027
05/18/2011,-0.0012
05/17/2011,0.0232
05/16/2011,-0.021
05/13/2011,-0.0103
05/12/2011,-0.0007
05/11/2011,-0.0133
05/10/2011,0.0093
05/09/2011,0.0044
05/06/2011,0.0019
05/05/2011,-0.0028
05/04/2011,0.0036
05/03/2011,-0.0087
05/02/2011,-0.0102
04/29/2011,0.0114
04/28/2011,0.0004
04/27/2011,0.0093
04/26/2011,0.0148
04/25/2011,-0.0001
04/21/2011,-0.0012
04/20/2011,0.0081
04/19/2011,-0.0101
04/18/2011,-0.0073
04/15/2011,-0.0826
04/14/2011,0.0039
04/13/2011,0.0099
04/12/2011,-0.0117
04/11/2011,-0.0014
04/08/2011,-0.0032
04/07/2011,0.0101
04/06/2011,0.0089
04/05/2011,-0.0316
04/04/2011,-0.007
04/01/2011,0.0086
03/31/2011,0.0085
03/30/2011,0.0002
03/29/2011,0.0111
03/28/2011,-0.0076
03/25/2011,-0.0122
03/24/2011,0.0081
03/23/2011,0.0084
03/22/2011,0.0014
03/21/2011,0.0275
03/18/2011,-0.0005
03/17/2011,0.0076
03/16/2011,-0.0219
03/15/2011,-0.0008
03/14/2011,-0.0117
03/11/2011,-0.0062
03/10/2011,-0.0194
03/09/2011,-0.0009
03/08/2011,0.0011
03/07/2011,-0.0149
03/04/2011,-0.0147
03/03/2011,0.0146
03/02/2011,0.0
03/01/2011,-0.0206
02/28/2011,0.0055
02/25/2011,0.002
02/24/2011,-0.0041
02/23/2011,0.0018
02/22/2011,-0.0315
02/18/2011,0.0077
02/17/2011,0.0017
02/16/2011,0.0001
02/15/2011,-0.0064
02/14/2011,0.0058
02/11/2011,0.0131
02/10/2011,-0.0001
02/09/2011,-0.003
02/08/2011,0.0067
02/07/2011,0.0054
02/04/2011,0.0014
02/03/2011,-0.003
02/02/2011,0.0016
02/01/2011,0.0178
01/31/2011,-0.001
01/28/2011,-0.0256
01/27/2011,0.0005
01/26/2011,-0.0055
01/25/2011,0.0144
01/24/2011,-0.0012
01/21/2011,-0.0238
01/20/2011,-0.0079
01/19/2011,-0.0123
01/18/2011,0.0248
01/14/2011,0.0121
01/13/2011,-0.0003
01/12/2011,0.0014
01/11/2011,0.0029
01/10/2011,-0.0036
01/07/2011,0.0048
01/06/2011,0.0073
01/05/2011,0.0115
01/04/2011,-0.0037
01/03/2011,0.0175
12/31/2010,-0.0082
12/30/2010,-0.0036
12/29/2010,0.0035
12/28/2010,-0.0057
12/27/2010,-0.0031
12/23/2010,-0.0021
12/22/2010,0.004
12/21/2010,0.0135
12/20/2010,0.0072
12/17/2010,-0.0015
12/16/2010,0.0024
12/15/2010,-0.0077
12/14/2010,0.0005
12/13/2010,0.0041
12/10/2010,0.0012
12/09/2010,0.0016
12/08/2010,0.0058
12/07/2010,0.0152
12/06/2010,0.0094
12/03/2010,0.0021
12/02/2010,0.0132
12/01/2010,0.0155
11/30/2010,-0.0454
11/29/2010,-0.0134
11/26/2010,-0.0084
11/24/2010,0.0205
11/23/2010,-0.0139
11/22/2010,0.0007
11/19/2010,-0.0096
11/18/2010,0.0223
11/17/2010,-0.0003
11/16/2010,-0.0197
11/15/2010,-0.013
11/12/2010,-0.0225
11/11/2010,-0.0091
11/10/2010,-0.0031
11/09/2010,-0.0031
11/08/2010,0.0027
11/05/2010,0.0013
11/04/2010,0.0066
11/03/2010,0.0074
11/02/2010,0.001
11/01/2010,0.0021
10/29/2010,-0.0079
10/28/2010,0.0034
10/27/2010,-0.0034
10/26/2010,0.0034
10/25/2010,0.0065
10/22/2010,0.0009
10/21/2010,0.0066
10/20/2010,0.0002
10/19/2010,-0.016
10/18/2010,0.027
10/15/2010,0.1119
10/14/2010,-0.0044
10/13/2010,0.0035
10/12/2010,0.0047
10/11/2010,0.0046
10/08/2010,0.012
10/07/2010,-0.0081
10/06/2010,-0.0072
10/05/2010,0.0304
10/04/2010,-0.0062
10/01/2010,-0.0003
09/30/2010,-0.0036
09/29/2010,0.001
09/28/2010,-0.0061
09/27/2010,0.0059
09/24/2010,0.0269
09/23/2010,-0.0049
09/22/2010,0.0049
09/21/2010,0.0102
09/20/2010,0.037
09/17/2010,0.0189
09/16/2010,0.0009
09/15/2010,0.0004
09/14/2010,-0.0038
09/13/2010,0.0129
09/10/2010,-0.0001
09/09/2010,0.0119
09/08/2010,0.0133
09/07/2010,-0.0125
09/03/2010,0.0154
09/02/2010,0.0062
09/01/2010,0.0229
08/31/2010,-0.0059
08/30/2010,-0.0134
08/27/2010,0.0174
08/26/2010,-0.008
08/25/2010,0.0072
08/24/2010,-0.0273
08/23/2010,0.0044
08/20/2010,-0.0127
08/19/2010,-0.0294
08/18/2010,-0.0171
08/17/2010,0.0102
08/16/2010,-0.0016
08/13/2010,-0.0115
08/12/2010,0.0005
08/11/2010,-0.0238
08/10/2010,-0.0032
08/09/2010,0.0103
08/06/2010,-0.0155
08/05/2010,0.0035
08/04/2010,0.0337
08/03/2010,-0.0012
08/02/2010,0.0115
07/30/2010,-0.0003
07/29/2010,0.0013
07/28/2010,-0.0168
07/27/2010,0.0075
07/26/2010,-0.0022
07/23/2010,0.0108
07/22/2010,0.0153
07/21/2010,-0.0085
07/20/2010,0.0331
07/19/2010,0.0143
07/16/2010,-0.0697
07/15/2010,0.0055
07/14/2010,0.0044
07/13/2010,0.0281
07/12/2010,0.0178
07/09/2010,0.0239
07/08/2010,0.0141
07/07/2010,0.0324
07/06/2010,-0.0011
07/02/2010,-0.0067
07/01/2010,-0.0123
06/30/2010,-0.0205
06/29/2010,-0.0377
06/28/2010,-0.0013
06/25/2010,-0.0051
06/24/2010,-0.0144
06/23/2010,-0.0086
06/22/2010,-0.0047
06/21/2010,-0.0229
06/18/2010,-0.0001
06/17/2010,-0.0024
06/16/2010,0.0066
06/15/2010,0.0306
06/14/2010,-0.0109
06/11/2010,0.0031
06/10/2010,0.0274
06/09/2010,-0.0222
06/08/2010,-0.0015
06/07/2010,-0.0265
06/04/2010,-0.0136
06/03/2010,0.0248
06/02/2010,0.0228
06/01/2010,-0.0067
05/28/2010,-0.0098
05/27/2010,0.0315
05/26/2010,-0.0034
05/25/2010,-0.0002
05/24/2010,0.0108
05/21/2010,-0.0062
05/20/2010,-0.0393
05/19/2010,-0.0079
05/18/2010,-0.0189
05/17/2010,0.0009
05/14/2010,-0.0066
05/13/2010,0.0109
05/12/2010,-0.0072
05/11/2010,-0.0242
05/10/2010,0.0578
05/07/2010,-0.0111
05/06/2010,-0.0218
05/05/2010,0.0067
05/04/2010,-0.0457
05/03/2010,0.0093
04/30/2010,-0.0118
04/29/2010,0.0053
04/28/2010,0.0002
04/27/2010,-0.0049
04/26/2010,-0.0245
04/23/2010,-0.0038
04/22/2010,-0.0131
04/21/2010,-0.0013
04/20/2010,0.009
04/19/2010,-0.0001
04/16/2010,-0.0758
04/15/2010,0.0107
04/14/2010,0.0038
04/13/2010,0.0245
04/12/2010,0.0115
04/09/2010,-0.0022
04/08/2010,0.007
04/07/2010,-0.0082
04/06/2010,-0.0049
04/05/2010,0.0039
04/01/2010,0.003
03/31/2010,0.0007
03/30/2010,0.0076
03/29/2010,-0.0004
03/26/2010,-0.0003
03/25/2010,0.01
03/24/2010,0.0152
03/23/2010,-0.0152
03/22/2010,-0.0045
03/19/2010,-0.0113
03/18/2010,0.0015
03/17/2010,0.0006
03/16/2010,0.0036
03/15/2010,-0.0282
03/12/2010,-0.0028
03/11/2010,0.0081
03/10/2010,0.029
03/09/2010,-0.0041
03/08/2010,-0.0031
03/05/2010,0.0173
03/04/2010,0.017
03/03/2010,0.0079
03/02/2010,0.0157
03/01/2010,0.0112
02/26/2010,0.0007
02/25/2010,-0.0095
02/24/2010,-0.0067
02/23/2010,-0.0142
02/22/2010,0.0038
02/19/2010,-0.0045
02/18/2010,0.0093
02/17/2010,-0.0057
02/16/2010,0.0153
02/12/2010,-0.0061
02/11/2010,0.0036
02/10/2010,-0.0037
02/09/2010,0.0056
02/08/2010,0.0041
02/05/2010,0.0086
02/04/2010,-0.026
02/03/2010,0.0183
02/02/2010,-0.0036
02/01/2010,0.0058
01/29/2010,-0.0081
01/28/2010,-0.0144
01/27/2010,-0.0006
01/26/2010,0.0045
01/25/2010,-0.0182
01/22/2010,-0.0566
01/21/2010,0.0044
01/20/2010,-0.0123
01/19/2010,0.0131
01/15/2010,-0.0167
01/14/2010,0.0047
01/13/2010,-0.0057
01/12/2010,-0.0177
01/11/2010,-0.0015
01/08/2010,0.0133
01/07/2010,-0.0233
01/06/2010,-0.0252
01/05/2010,-0.0044
01/04/2010,0.0109
12/31/2009,-0.0044
12/30/2009,0.0054
12/29/2009,-0.0056
12/28/2009,0.0071
12/24/2009,0.0111
12/23/2009,0.0176
12/22/2009,0.0041
12/21/2009,0.0038
12/18/2009,0.0042
12/17/2009,-0.0064
12/16/2009,0.0078
12/15/2009,-0.0043
12/14/2009,0.0088
12/11/2009,-0.0017
12/10/2009,0.0042
12/09/2009,0.0034
12/08/2009,0.0014
12/07/2009,0.0021
12/04/2009,-0.0012
12/03/2009,-0.003
12/02/2009,-0.004
12/01/2009,0.0118
11/30/2009,0.0056
11/27/2009,-0.0102
11/25/2009,0.0045
11/24/2009,0.0013
11/23/2009,0.0217
11/20/2009,-0.0053
11/19/2009,-0.0063
11/18/2009,-0.0015
11/17/2009,0.0021
11/16/2009,0.0074
11/13/2009,0.0074
11/12/2009,-0.0047
11/11/2009,0.0067
11/10/2009,0.0076
11/09/2009,0.0207
11/06/2009,0.0045
11/05/2009,0.0154
11/04/2009,0.0057
11/03/2009,0.0062
11/02/2009,-0.004
10/30/2009,-0.0271
10/29/2009,0.0199
10/28/2009,-0.0146
10/27/2009,-0.0107
10/26/2009,0.0009
10/23/2009,-0.0007
10/22/2009,0.0054
10/21/2009,-0.0011
10/20/2009,-0.0007
10/19/2009,0.0041
10/16/2009,0.0376
10/15/2009,-0.0101
10/14/2009,0.0175
10/13/2009,0.004
10/12/2009,0.0151
10/09/2009,0.004
10/08/2009,-0.0065
10/07/2009,0.0377
10/06/2009,0.0209
10/05/2009,0.0081
10/02/2009,-0.0054
10/01/2009,-0.0174
09/30/2009,-0.0054
09/29/2009,0.0
09/28/2009,0.0123
09/25/2009,-0.0086
09/24/2009,-0.0034
09/23/2009,-0.0012
09/22/2009,0.0041
09/21/2009,0.0113
09/18/2009,-0.0005
09/17/2009,0.007
09/16/2009,0.0225
09/15/2009,0.0051
09/14/2009,0.0063
09/11/2009,0.0025
09/10/2009,0.015
09/09/2009,0.0117
09/08/2009,-0.0058
09/04/2009,0.0083
09/03/2009,0.01
09/02/2009,-0.006
09/01/2009,-0.0128
08/31/2009,-0.0066
08/28/2009,-0.0028
08/27/2009,-0.0041
08/26/2009,-0.0071
08/25/2009,0.0056
08/24/2009,0.0075
08/21/2009,0.0105
08/20/2009,0.037
08/19/2009,-0.0029
08/18/2009,0.0009
08/17/2009,-0.0328
08/14/2009,-0.0049
08/13/2009,0.0081
08/12/2009,0.0102
08/11/2009,-0.0058
08/10/2009,-0.0011
08/07/2009,0.015
08/06/2009,-0.0017
08/05/2009,-0.0057
08/04/2009,0.0034
08/03/2009,0.0207
07/31/2009,-0.0058
07/30/2009,0.0215
07/29/2009,-0.0082
07/28/2009,-0.0111
07/27/2009,-0.0043
07/24/2009,0.0214
07/23/2009,0.0226
07/22/2009,-0.0005
07/21/2009,-0.0053
07/20/2009,-0.0002
07/17/2009,-0.0279
07/16/2009,0.0101
07/15/2009,0.0317
07/14/2009,0.0009
07/13/2009,0.0239
07/10/2009,0.0098
07/09/2009,0.0196
07/08/2009,0.0148
07/07/2009,-0.0317
07/06/2009,0.0027
07/02/2009,-0.0251
07/01/2009,-0.0062
06/30/2009,-0.006
06/29/2009,-0.0028
06/26/2009,0.023
06/25/2009,0.0158
06/24/2009,0.0089
06/23/2009,-0.0041
06/22/2009,-0.0303
06/19/2009,0.0146
06/18/2009,-0.0026
06/17/2009,-0.002
06/16/2009,-0.0018
06/15/2009,-0.019
06/12/2009,-0.0097
06/11/2009,-0.0083
06/10/2009,-0.0069
06/09/2009,-0.0072
06/08/2009,-0.0125
06/05/2009,0.0092
06/04/2009,0.02
06/03/2009,0.0076
06/02/2009,0.0043
06/01/2009,0.0224
05/29/2009,0.0166
05/28/2009,0.0119
05/27/2009,0.003
05/26/2009,0.0276
05/22/2009,-0.0076
05/21/2009,-0.0017
05/20/2009,-0.0043
05/19/2009,0.0051
05/18/2009,0.0175
05/15/2009,0.0065
05/14/2009,-0.0052
05/13/2009,-0.0237
05/12/2009,-0.022
05/11/2009,0.0016
05/08/2009,0.027
05/07/2009,-0.017
05/06/2009,0.0012
05/05/2009,0.0025
05/04/2009,0.0211
05/01/2009,-0.0058
04/30/2009,0.0115
04/29/2009,0.0202
04/28/2009,-0.0058
04/27/2009,-0.0091
04/24/2009,0.0125
04/23/2009,0.0022
04/22/2009,0.0063
04/21/2009,0.0057
04/20/2009,-0.033
04/17/2009,0.009
04/16/2009,0.0243
04/15/2009,0.0287
04/14/2009,-0.0243
04/13/2009,0.0151
04/09/2009,0.029
04/08/2009,0.0093
04/07/2009,-0.026
04/06/2009,-0.0042
04/03/2009,0.0201
04/02/2009,0.0238
04/01/2009,0.0173
03/31/2009,0.0157
03/30/2009,-0.0144
03/27/2009,-0.0158
03/26/2009,0.0268
03/25/2009,-0.0089
03/24/2009,-0.0041
03/23/2009,0.0559
03/20/2009,0.0007
03/19/2009,-0.0095
03/18/2009,-0.0067
03/17/2009,0.049
03/16/2009,-0.0146
03/13/2009,0.0028
03/12/2009,0.0177
03/11/2009,0.0316
03/10/2009,0.0594
03/09/2009,-0.0573
03/06/2009,0.0096
03/05/2009,-0.0416
03/04/2009,-0.0202
03/03/2009,-0.0051
03/02/2009,-0.032
02/27/2009,0.0024
02/26/2009,-0.0131
02/25/2009,-0.011
02/24/2009,0.0466
02/23/2009,-0.0473
02/20/2009,0.0111
02/19/2009,-0.0297
02/18/2009,0.0305
02/17/2009,-0.042
02/13/2009,-0.0148
02/12/2009,0.014
02/11/2009,-0.0013
02/10/2009,-0.0535
02/09/2009,0.0202
02/06/2009,0.0496
02/05/2009,0.0313
02/04/2009,0.0075
02/03/2009,-0.0004
02/02/2009,0.006
01/30/2009,-0.014
01/29/2009,-0.0153
01/28/2009,0.0519
01/27/2009,0.0235
01/26/2009,-0.0026
01/23/2009,0.0594
01/22/2009,0.0113
01/21/2009,0.0719
01/20/2009,-0.0565
01/16/2009,0.0023
01/15/2009,-0.0066
01/14/2009,-0.0425
01/13/2009,0.0052
01/12/2009,-0.0076
01/09/2009,-0.0311
01/08/2009,0.0099
01/07/2009,-0.0361
01/06/2009,0.0183
01/05/2009,0.0209
01/02/2009,0.0444
12/31/2008,0.015
12/30/2008,0.0191
12/29/2008,-0.0098
12/26/2008,-0.0085
12/24/2008,0.0165
12/23/2008,0.0031
12/22/2008,-0.0421
12/19/2008,-0.0004
12/18/2008,-0.0157
12/17/2008,-0.0309
12/16/2008,0.047
12/15/2008,-0.0161
12/12/2008,0.0518
12/11/2008,-0.0278
12/10/2008,0.0093
12/09/2008,0.0128
12/08/2008,0.0638
12/05/2008,0.0352
12/04/2008,-0.0182
12/03/2008,0.0157
12/02/2008,0.0343
12/01/2008,-0.0921
11/28/2008,0.003
11/26/2008,0.0356
11/25/2008,0.0956
11/24/2008,-0.019
11/21/2008,0.0111
11/20/2008,-0.0736
11/19/2008,-0.058
11/18/2008,-0.009
11/17/2008,-0.0319
11/14/2008,-0.0066
11/13/2008,0.0724
11/12/2008,-0.0657
11/11/2008,-0.023
11/10/2008,-0.0373
11/07/2008,-0.0002
11/06/2008,-0.0322
11/05/2008,-0.0673
11/04/2008,0.059
11/03/2008,-0.0358
10/31/2008,-0.0009
10/30/2008,0.0047
10/29/2008,-0.0292
10/28/2008,0.1192
10/27/2008,-0.0289
10/24/2008,-0.037
10/23/2008,-0.0094
10/22/2008,-0.0195
10/21/2008,-0.0437
10/20/2008,0.0182
10/17/2008,0.0553
10/16/2008,0.0408
10/15/2008,-0.0649
10/14/2008,-0.0481
10/13/2008,0.1477
10/10/2008,0.0092
10/09/2008,-0.027
10/08/2008,-0.0228
10/07/2008,-0.0679
10/06/2008,-0.0406
10/03/2008,-0.0092
10/02/2008,-0.0516
10/01/2008,0.028
09/30/2008,0.0512
09/29/2008,-0.1161
09/26/2008,-0.0195
09/25/2008,0.0103
09/24/2008,0.0136
09/23/2008,-0.002
09/22/2008,-0.0423
09/19/2008,0.0229
09/18/2008,0.0593
09/17/2008,-0.0642
09/16/2008,0.0209
09/15/2008,-0.0087
09/12/2008,0.009
09/11/2008,0.0473
09/10/2008,-0.0107
09/09/2008,-0.0031
09/08/2008,-0.0547
09/05/2008,-0.0133
09/04/2008,-0.0305
09/03/2008,-0.0018
09/02/2008,0.0042
08/29/2008,-0.0221
08/28/2008,0.0111
08/27/2008,-0.0118
08/26/2008,-0.0183
08/25/2008,-0.0155
08/22/2008,0.0083
08/21/2008,0.0032
08/20/2008,-0.0112
08/19/2008,-0.0157
08/18/2008,-0.0232
08/15/2008,0.0092
08/14/2008,0.0109
08/13/2008,-0.0051
08/12/2008,0.0035
08/11/2008,0.0118
08/08/2008,0.0332
08/07/2008,-0.0148
08/06/2008,0.0135
08/05/2008,0.0364
08/04/2008,-0.0104
08/01/2008,-0.0124
07/31/2008,-0.0185
07/30/2008,-0.0008
07/29/2008,0.0126
07/28/2008,-0.0302
07/25/2008,0.0344
07/24/2008,-0.0278
07/23/2008,0.0254
07/22/2008,0.0177
07/21/2008,-0.026
07/18/2008,-0.0977
07/17/2008,-0.004
07/16/2008,0.0378
07/15/2008,-0.0106
07/14/2008,-0.0228
07/11/2008,-0.0125
07/10/2008,-0.0018
07/09/2008,-0.0234
07/08/2008,0.0195
07/07/2008,0.0129
07/03/2008,0.0189
07/02/2008,-0.0144
07/01/2008,0.0158
06/30/2008,-0.0031
06/27/2008,-0.0014
06/26/2008,-0.0403
06/25/2008,0.016
06/24/2008,-0.0053
06/23/2008,-0.0022
06/20/2008,-0.0246
06/19/2008,-0.0039
06/18/2008,-0.0124
06/17/2008,-0.0058
06/16/2008,0.0023
06/13/2008,0.0336
06/12/2008,0.0142
06/11/2008,-0.0162
06/10/2008,-0.0066
06/09/2008,-0.0161
06/06/2008,-0.0329
06/05/2008,0.0246
06/04/2008,0.0087
06/03/2008,-0.0134
06/02/2008,-0.0184
05/30/2008,0.0048
05/29/2008,0.026
05/28/2008,0.0131
05/27/2008,0.0299
05/23/2008,-0.0088
05/22/2008,-0.001
05/21/2008,-0.0494
05/20/2008,0.0019
05/19/2008,-0.0044
05/16/2008,-0.0016
05/15/2008,0.0082
05/14/2008,-0.0115
05/13/2008,-0.0033
05/12/2008,0.0205
05/09/2008,-0.0168
05/08/2008,0.0069
05/07/2008,-0.0126
05/06/2008,-0.0144
05/05/2008,0.0234
05/02/2008,-0.0199
05/01/2008,0.0327
04/30/2008,0.0283
04/29/2008,0.0115
04/28/2008,0.0148
04/25/2008,0.0019
04/24/2008,-0.0063
04/23/2008,-0.0153
04/22/2008,0.032
04/21/2008,-0.003
04/18/2008,0.1999
04/17/2008,-0.0121
04/16/2008,0.0183
04/15/2008,-0.0107
04/14/2008,-0.0127
04/11/2008,-0.0248
04/10/2008,0.0105
04/09/2008,-0.0077
04/08/2008,-0.0189
04/07/2008,0.0122
04/04/2008,0.0351
04/03/2008,-0.0227
04/02/2008,-0.0
04/01/2008,0.0573
03/31/2008,0.0055
03/28/2008,-0.0135
03/27/2008,-0.0308
03/26/2008,0.0164
03/25/2008,-0.0212
03/24/2008,0.0623
03/20/2008,0.0036
03/19/2008,-0.0163
03/18/2008,0.0459
03/17/2008,-0.0412
03/14/2008,-0.0115
03/13/2008,0.0064
03/12/2008,0.0008
03/11/2008,0.0634
03/10/2008,-0.0455
03/07/2008,0.0015
03/06/2008,-0.0335
03/05/2008,0.007
03/04/2008,-0.0272
03/03/2008,-0.0301
02/29/2008,-0.0089
02/28/2008,0.0054
02/27/2008,0.0187
02/26/2008,-0.0457
02/25/2008,-0.0421
02/22/2008,0.0098
02/21/2008,-0.0121
02/20/2008,0.0001
02/19/2008,-0.0391
02/15/2008,-0.0049
02/14/2008,-0.0044
02/13/2008,0.0319
02/12/2008,-0.0059
02/11/2008,0.0087
02/08/2008,0.0232
02/07/2008,0.0065
02/06/2008,-0.01
02/05/2008,0.0229
02/04/2008,-0.0397
02/01/2008,-0.0858
01/31/2008,0.0292
01/30/2008,-0.0041
01/29/2008,-0.0098
01/28/2008,-0.0184
01/25/2008,-0.0141
01/24/2008,0.0472
01/23/2008,-0.0611
01/22/2008,-0.0265
01/18/2008,-0.0009
01/17/2008,-0.0246
01/16/2008,-0.034
01/15/2008,-0.0247
01/14/2008,0.0244
01/11/2008,-0.0131
01/10/2008,-0.0099
01/09/2008,0.0341
01/08/2008,-0.0271
01/07/2008,-0.0118
01/04/2008,-0.0413
01/03/2008,0.0002
01/02/2008,-0.0091
12/31/2007,-0.0157
12/28/2007,0.0026
12/27/2007,-0.0142
12/26/2007,0.0144
12/24/2007,0.0058
12/21/2007,0.0101
12/20/2007,0.0182
12/19/2007,0.006
12/18/2007,0.0062
12/17/2007,-0.03
12/14/2007,-0.0059
12/13/2007,-0.0076
12/12/2007,0.0002
12/11/2007,-0.0268
12/10/2007,0.005
12/07/2007,-0.0005
12/06/2007,0.024
12/05/2007,0.021
12/04/2007,0.0039
12/03/2007,-0.0166
11/30/2007,-0.0057
11/29/2007,0.0068
11/28/2007,0.0277
11/27/2007,0.0114
11/26/2007,-0.0158
11/23/2007,0.0245
11/21/2007,0.0185
11/20/2007,0.0363
11/19/2007,-0.0123
11/16/2007,0.0063
11/15/2007,-0.0187
11/14/2007,-0.0286
11/13/2007,0.0451
11/12/2007,-0.048
11/09/2007,-0.0431
11/08/2007,-0.0533
11/07/2007,-0.0119
11/06/2007,0.0222
11/05/2007,0.0202
11/02/2007,0.0114
11/01/2007,-0.0054
10/31/2007,0.0176
10/30/2007,0.0229
10/29/2007,0.0069
10/26/2007,0.0091
10/25/2007,-0.0108
10/24/2007,0.0001
10/23/2007,0.0384
10/22/2007,0.0094
10/19/2007,0.008
10/18/2007,0.0097
10/17/2007,0.0284
10/16/2007,-0.0066
10/15/2007,-0.0271
10/12/2007,0.0247
10/11/2007,-0.0054
10/10/2007,0.0166
10/09/2007,0.0091
10/08/2007,0.0262
10/05/2007,0.0259
10/04/2007,-0.0085
10/03/2007,-0.0006
10/02/2007,0.0032
10/01/2007,0.0269
09/28/2007,-0.0004
09/27/2007,-0.0012
09/26/2007,-0.0015
09/25/2007,0.0017
09/24/2007,0.0141
09/21/2007,0.0132
09/20/2007,0.0109
09/19/2007,0.0216
09/18/2007,0.019
09/17/2007,-0.0065
09/14/2007,0.0076
09/13/2007,0.0041
09/12/2007,0.0025
09/11/2007,0.0133
09/10/2007,-0.0094
09/07/2007,-0.008
09/06/2007,-0.0081
09/05/2007,0.005
09/04/2007,0.0192
08/31/2007,0.0075
08/30/2007,-0.0029
08/29/2007,0.0128
08/28/2007,-0.0134
08/27/2007,-0.0034
08/24/2007,0.0055
08/23/2007,-0.0011
08/22/2007,0.0121
08/21/2007,0.0175
08/20/2007,-0.0042
08/17/2007,0.0173
08/16/2007,-0.0121
08/15/2007,-0.0217
08/14/2007,-0.0134
08/13/2007,-0.0005
08/10/2007,0.002
08/09/2007,-0.021
08/08/2007,0.0189
08/07/2007,0.0118
08/06/2007,0.0139
08/03/2007,-0.0157
08/02/2007,-0.0038
08/01/2007,0.0058
07/31/2007,-0.0118
07/30/2007,0.0082
07/27/2007,0.0077
07/26/2007,-0.0035
07/25/2007,-0.0082
07/24/2007,0.0029
07/23/2007,-0.0146
07/20/2007,-0.0519
07/19/2007,-0.0017
07/18/2007,-0.0099
07/17/2007,0.0036
07/16/2007,0.0015
07/13/2007,0.0125
07/12/2007,0.0016
07/11/2007,0.0021
07/10/2007,0.0014
07/09/2007,0.0059
07/06/2007,-0.0041
07/05/2007,0.0136
07/03/2007,0.0075
07/02/2007,0.0147
06/29/2007,-0.0044
06/28/2007,-0.0024
06/27/2007,-0.0075
06/26/2007,0.0054
06/25/2007,0.0046
06/22/2007,0.0211
06/21/2007,0.0081
06/20/2007,-0.0084
06/19/2007,-0.0017
06/18/2007,0.0184
06/15/2007,0.0061
06/14/2007,-0.0048
06/13/2007,0.0009
06/12/2007,-0.0128
06/11/2007,-0.0081
06/08/2007,0.0008
06/07/2007,-0.0062
06/06/2007,-0.0011
06/05/2007,0.0232
06/04/2007,0.0133
06/01/2007,0.005
05/31/2007,-0.0014
05/30/2007,0.0236
05/29/2007,0.0074
05/25/2007,0.0194
05/24/2007,0.0008
05/23/2007,-0.004
05/22/2007,0.0112
05/21/2007,0.0006
05/18/2007,-0.0014
05/17/2007,-0.0035
05/16/2007,0.0319
05/15/2007,-0.0082
05/14/2007,-0.0106
05/11/2007,0.0114
05/10/2007,-0.0166
05/09/2007,0.0052
05/08/2007,-0.001
05/07/2007,-0.0082
05/04/2007,-0.0045
05/03/2007,0.016
05/02/2007,-0.0069
05/01/2007,-0.005
04/30/2007,-0.0159
04/27/2007,-0.0045
04/26/2007,0.0067
04/25/2007,0.001
04/24/2007,-0.0032
04/23/2007,-0.007
04/20/2007,0.023
04/19/2007,-0.0092
04/18/2007,0.0068
04/17/2007,-0.0031
04/16/2007,0.0171
04/13/2007,-0.0024
04/12/2007,0.0062
04/11/2007,-0.0042
04/10/2007,-0.0037
04/09/2007,-0.007
04/05/2007,0.001
04/04/2007,-0.0033
04/03/2007,0.0307
04/02/2007,0.0008
03/30/2007,-0.006
03/29/2007,-0.0021
03/28/2007,-0.0038
03/27/2007,-0.003
03/26/2007,0.0069
03/23/2007,-0.0005
03/22/2007,0.012
03/21/2007,0.0253
03/20/2007,-0.0044
03/19/2007,0.0145
03/16/2007,-0.012
03/15/2007,-0.004
03/14/2007,0.0112
03/13/2007,-0.0258
03/12/2007,0.004
03/09/2007,-0.0039
03/08/2007,-0.002
03/07/2007,-0.0042
03/06/2007,0.0376
03/05/2007,0.0052
03/02/2007,-0.0213
03/01/2007,-0.0027
02/28/2007,0.0015
02/27/2007,-0.0348
02/26/2007,-0.0121
02/23/2007,-0.011
02/22/2007,-0.0
02/21/2007,0.008
02/20/2007,0.0046
02/16/2007,0.0184
02/15/2007,-0.0096
02/14/2007,0.0149
02/13/2007,0.0018
02/12/2007,-0.0078
02/09/2007,-0.0194
02/08/2007,0.0022
02/07/2007,-0.0031
02/06/2007,0.0092
02/05/2007,-0.0298
02/02/2007,-0.0005
02/01/2007,-0.0394
01/31/2007,0.0145
01/30/2007,0.0038
01/29/2007,-0.0068
01/26/2007,0.0159
01/25/2007,-0.022
01/24/2007,0.0418
01/23/2007,-0.0037
01/22/2007,-0.0182
01/19/2007,0.0039
01/18/2007,-0.019
01/17/2007,-0.0139
01/16/2007,-0.0014
01/12/2007,0.0106
01/11/2007,0.021
01/10/2007,0.0082
01/09/2007,0.004
01/08/2007,-0.0074
01/05/2007,0.0081
01/04/2007,0.0335
01/03/2007,0.0154
12/29/2006,-0.0045
12/28/2006,-0.0117
12/27/2006,0.0229
12/26/2006,0.0043
12/22/2006,-0.0014
12/21/2006,-0.0145
12/20/2006,-0.0122
12/19/2006,0.0126
12/18/2006,-0.0364
12/15/2006,-0.0038
12/14/2006,0.0065
12/13/2006,-0.0058
12/12/2006,-0.0044
12/11/2006,-0.0004
12/08/2006,0.003
12/07/2006,-0.0124
12/06/2006,0.0035
12/05/2006,0.0044
12/04/2006,0.0084
12/01/2006,-0.0083
11/30/2006,0.0003
11/29/2006,-0.0099
11/28/2006,0.0098
11/27/2006,-0.0401
11/24/2006,-0.0059
11/22/2006,-0.0032
11/21/2006,0.0295
11/20/2006,-0.0075
11/17/2006,0.0058
11/16/2006,0.0081
11/15/2006,0.0054
11/14/2006,0.0172
11/13/2006,0.0158
11/10/2006,0.0019
11/09/2006,-0.005
11/08/2006,0.0051
11/07/2006,-0.0092
11/06/2006,0.0109
11/03/2006,0.004
11/02/2006,0.0052
11/01/2006,-0.0187
10/31/2006,-0.0004
10/30/2006,0.0029
10/27/2006,-0.0204
10/26/2006,-0.0031
10/25/2006,0.0281
10/24/2006,-0.0155
10/23/2006,0.0459
10/20/2006,0.0789
10/19/2006,0.0161
10/18/2006,-0.0032
10/17/2006,-0.0026
10/16/2006,-0.013
10/13/2006,-0.0003
10/12/2006,0.0022
10/11/2006,-0.0004
10/10/2006,-0.0055
10/09/2006,0.0202
10/06/2006,0.0211
10/05/2006,-0.0094
10/04/2006,0.0289
10/03/2006,0.0065
10/02/2006,-0.0011
09/29/2006,-0.0042
09/28/2006,0.0016
09/27/2006,-0.0097
09/26/2006,0.0072
09/25/2006,0.0005
09/22/2006,-0.0075
09/21/2006,0.0248
09/20/2006,-0.0169
09/19/2006,-0.0262
09/18/2006,0.0117
09/15/2006,0.0146
09/14/2006,-0.0064
09/13/2006,0.0374
09/12/2006,0.0203
09/11/2006,0.0165
09/08/2006,-0.0017
09/07/2006,-0.0043
09/06/2006,-0.011
09/05/2006,0.0152
09/01/2006,0.0002
08/31/2006,-0.0058
08/30/2006,0.0047
005,0.01
09/12/2005,0.04
09/09/2005,0.01
09/08/2005,0.0
09/07/2005,0.03
09/06/2005,-0.0
09/02/2005,0.01
09/01/2005,0.0
08/31/2005,-0.0
08/30/2005,-0.0
08/29/2005,0.02
08/26/2005,0.0
08/25/2005,0.0
08/24/2005,0.01
08/23/2005,0.02
08/22/2005,-0.02
08/19/2005,0.0
08/18/2005,-0.02
08/17/2005,-0.0
08/16/2005,0.01
08/15/2005,-0.02
08/12/2005,0.02
08/11/2005,-0.01
08/10/2005,-0.02
08/09/2005,0.0
08/08/2005,-0.0
08/05/2005,-0.02
08/04/2005,0.0
08/03/2005,-0.01
08/02/2005,0.03
08/01/2005,0.01
07/29/2005,-0.02
07/28/2005,-0.01
07/27/2005,0.0
07/26/2005,0.0
07/25/2005,-0.02
07/22/2005,-0.04
07/21/2005,0.01
07/20/2005,0.01
07/19/2005,0.03
07/18/2005,-0.01
07/15/2005,0.0
07/14/2005,0.01
07/13/2005,0.02
07/12/2005,-0.01
07/11/2005,-0.01
07/08/2005,0.0
07/07/2005,0.01
07/06/2005,-0.01
07/05/2005,0.02
07/01/2005,-0.01
06/30/2005,0.0
06/29/2005,-0.03
06/28/2005,-0.01
06/27/2005,0.02
06/24/2005,0.03
06/23/2005,0.0
06/22/2005,0.01
06/21/2005,0.0
06/20/2005,0.02
06/17/2005,0.01
06/16/2005,0.01
06/15/2005,-0.01
06/14/2005,-0.02
06/13/2005,0.0
06/10/2005,-0.01
06/09/2005,0.02
06/08/2005,-0.05
06/07/2005,0.01
06/06/2005,0.04
06/03/2005,-0.03
06/02/2005,-0.0
06/01/2005,0.04
05/31/2005,0.04
05/27/2005,0.03
05/26/2005,-0.01
05/25/2005,0.02
05/24/2005,0.0
05/23/2005,0.06
05/20/2005,0.01
05/19/2005,0.0
05/18/2005,0.03
05/17/2005,0.01
05/16/2005,0.01
05/13/2005,0.0
05/12/2005,-0.01
05/11/2005,0.02
05/10/2005,0.01
05/09/2005,-0.01
05/06/2005,0.0
05/05/2005,-0.01
05/04/2005,0.01
05/03/2005,0.02
05/02/2005,0.01
04/29/2005,0.0
04/28/2005,-0.0
04/27/2005,0.0
04/26/2005,-0.02
04/25/2005,0.04
04/22/2005,0.06
04/21/2005,0.03
04/20/2005,0.04
04/19/2005,0.02
04/18/2005,0.01
04/15/2005,-0.03
04/14/2005,-0.01
04/13/2005,-0.01
04/12/2005,0.0
04/11/2005,0.01
04/08/2005,-0.01
04/07/2005,0.02
04/06/2005,0.0
04/05/2005,0.02
04/04/2005,0.03
04/01/2005,-0.0
03/31/2005,0.0
03/30/2005,0.0
03/29/2005,-0.01
03/28/2005,0.01
03/24/2005,0.0
03/23/2005,0.0
03/22/2005,-0.01
03/21/2005,0.0
03/18/2005,0.0
03/17/2005,0.02
03/16/2005,-0.02
03/15/2005,0.02
03/14/2005,-0.02
03/11/2005,-0.01
03/10/2005,-0.01
03/09/2005,-0.02
03/08/2005,-0.02
03/07/2005,0.02
03/04/2005,-0.01
03/03/2005,0.01
03/02/2005,-0.0
03/01/2005,-0.01
02/28/2005,0.01
02/25/2005,-0.02
02/24/2005,-0.03
02/23/2005,0.01
02/22/2005,-0.03
02/18/2005,0.0
02/17/2005,-0.0
02/16/2005,0.02
02/15/2005,0.01
02/14/2005,0.03
02/11/2005,-0.0
02/10/2005,-0.02
02/09/2005,-0.04
02/08/2005,0.01
02/07/2005,-0.04
02/04/2005,-0.03
02/03/2005,0.02
02/02/2005,0.07
02/01/2005,-0.02
01/31/2005,0.03
01/28/2005,0.01
01/27/2005,-0.01
01/26/2005,0.07
01/25/2005,-0.02
01/24/2005,-0.04
01/21/2005,-0.03
01/20/2005,-0.02
01/19/2005,-0.03
01/18/2005,0.02
01/14/2005,0.02
01/13/2005,-0.0
01/12/2005,0.01
01/11/2005,-0.01
01/10/2005,0.01
01/07/2005,0.03
01/06/2005,-0.03
01/05/2005,-0.01
01/04/2005,-0.04
01/03/2005,0.05
12/31/2004,-0.02
12/30/2004,0.02
12/29/2004,0.0
12/28/2004,0.0
12/27/2004,0.02
12/23/2004,0.01
12/22/2004,0.01
12/21/2004,-0.01
12/20/2004,0.03
12/17/2004,0.02
12/16/2004,-0.02
12/15/2004,0.01
12/14/2004,0.05
12/13/2004,-0.01
12/10/2004,-0.01
12/09/2004,0.02
12/08/2004,-0.01
12/07/2004,-0.03
12/06/2004,-0.02
12/03/2004,0.01
12/02/2004,-0.0
12/01/2004,-0.01
11/30/2004,0.01
11/29/2004,0.01
11/26/2004,0.03
11/24/2004,0.04
11/23/2004,0.01
11/22/2004,-0.03
11/19/2004,0.01
11/18/2004,-0.03
11/17/2004,-0.0
11/16/2004,-0.07
11/15/2004,0.02
11/12/2004,-0.01
11/11/2004,0.09
11/10/2004,-0.0
11/09/2004,-0.02
11/08/2004,0.02
11/05/2004,-0.08
11/04/2004,-0.04
11/03/2004,-0.02
11/02/2004,-0.01
11/01/2004,0.03
10/29/2004,-0.01
10/28/2004,0.04
10/27/2004,0.02
10/26/2004,-0.03
10/25/2004,0.09
10/22/2004,0.15
10/21/2004,0.06
10/20/2004,-0.05
10/19/2004,-0.01
10/18/2004,0.04
10/15/2004,0.01
10/14/2004,0.01
10/13/2004,0.03
10/12/2004,0.02
10/11/2004,-0.02
10/08/2004,-0.01
10/07/2004,0.01
10/06/2004,-0.01
10/05/2004,0.02
10/04/2004,0.02
10/01/2004,0.02
09/30/2004,-0.01
09/29/2004,0.03
09/28/2004,0.07
09/27/2004,-0.01
09/24/2004,-0.01
09/23/2004,0.02
09/22/2004,0.0
09/21/2004,-0.01
09/20/2004,0.02
09/17/2004,0.03
09/16/2004,0.02
09/15/2004,0.0
09/14/2004,0.04
09/13/2004,0.02
09/10/2004,0.03
09/09/2004,0.0
09/08/2004,0.01
09/07/2004,0.02
09/03/2004,-0.01
09/02/2004,0.01
09/01/2004,-0.02
08/31/2004,0.0
08/30/2004,-0.04
08/27/2004,-0.02
08/26/2004,0.02
08/25/2004,0.01
08/24/2004,-0.04
08/23/2004,0.01
08/20/2004,0.08
